y1,y2,y3,y4,gen,race,income
100,100,52,100,0,1,52.2375522924125
100,98,99,95,1,0,48.3656392463455
50,100,90,0,1,0,47.7198348942742
65,90,100,50,0,1,44.9433561462925
100,32,60,60,0,1,50.3725655837965
100,0,100,100,0,1,48.8709775632498
0,100,100,100,1,1,52.069820626583
50,30,70,30,0,1,53.0055294193345
100,99,80,90,1,0,53.6068446043735
99,50,70,20,1,0,48.7067877234595
100,100,100,100,1,0,51.4156843480095
0,0,0,0,1,1,47.1060169459117
75,25,70,50,0,0,55.9700108220495
99,0,2,0,1,1,48.7222677855911
100,0,0,0,0,0,55.0300546818615
90,75,70,50,1,0,51.772230164427
0,0,0,40,1,0,48.3159682068538
99,0,100,100,1,1,50.9563569978555
90,100,100,85,0,0,52.2225648793695
90,50,0,30,1,1,53.6284801671805
50,80,90,90,0,1,54.3026919948935
0,0,100,100,1,1,52.661706769095
100,99,100,100,0,0,53.604899542636
0,15,0,50,0,1,46.9604713041307
50,50,50,0,0,1,51.679028817311
50,0,100,50,0,1,41.0294268302686
0,0,1,0,0,1,46.183124172135
50,0,95,100,1,0,53.9515016996855
0,80,50,50,1,0,49.4923595775442
50,100,0,100,0,1,42.80262622892
100,0,0,0,0,0,53.6402960925065
2,100,80,75,0,0,50.8746661246045
100,50,50,0,0,0,53.333397348087
25,45,0,100,1,0,49.1308372482073
100,15,50,0,1,0,47.7404706157006
90,90,85,90,1,0,54.984424172277
5,10,10,25,0,0,53.1411675477485
75,90,90,100,0,0,54.347581255557
10,90,0,20,1,1,50.15181425817
5,50,100,0,0,1,54.755734789597
50,0,50,75,0,1,49.707774932017
100,100,80,25,0,1,49.1751122594045
100,0,50,90,0,0,51.812621748103
100,100,1,100,0,1,50.5759484035775
0,0,50,50,1,1,49.8485869551228
0,50,0,50,1,1,42.8282566345105
0,0,89,100,0,1,49.7340151347623
50,75,50,50,1,0,51.4059969699115
80,75,90,50,0,0,52.517941143064
51,100,0,0,1,1,36.7089170227297
30,25,0,0,0,1,45.8882571772755
0,0,0,10,0,1,38.9438752662667
0,100,40,99,0,1,48.6600136762505
0,50,100,50,0,1,49.9687391102942
0,0,100,0,1,1,43.166811579783
90,90,70,40,0,1,53.045299225232
90,95,90,0,1,0,51.154602354073
75,100,99,90,1,0,52.6357310733405
80,99,1,1,0,1,49.5504804060757
100,100,50,10,1,0,44.1022475619192
75,0,0,0,1,0,55.7354720450935
10,50,0,10,0,0,48.5295508253515
100,10,30,50,0,0,49.050009969047
99,0,100,100,0,0,52.455102441819
96,100,100,100,1,0,50.3241519506285
89,100,100,75,0,1,48.2869325269636
100,100,90,100,1,1,39.5860724733118
0,50,98,100,0,0,43.9138768501777
100,100,100,0,1,1,51.884895630891
80,0,100,100,1,0,45.377146966098
35,35,50,50,0,0,49.7950684985635
75,50,90,100,1,0,51.9883426000665
75,50,75,50,0,1,49.5277807347363
100,100,100,100,1,1,48.3938181274253
0,0,0,100,1,1,52.3799760865135
60,50,50,50,0,1,51.0446516432475
67,100,1,0,0,1,48.8750828548227
100,90,100,80,1,1,49.5441202703628
99,50,90,50,1,0,43.7382008807815
0,100,50,99,0,1,50.775940648741
0,100,100,100,0,0,52.2962093422185
99,90,100,100,1,1,54.7750927063195
75,97,80,100,0,1,51.9265329315725
75,100,100,100,1,0,50.9109041050145
80,75,50,90,0,0,52.024730543723
50,1,99,95,1,0,51.62338706338
100,0,0,100,1,1,49.4649715807448
0,0,0,0,0,0,48.4008203650403
0,0,0,100,1,0,52.967476234327
75,75,0,0,0,0,49.0927387219408
75,99,75,0,0,0,55.072625933231
50,25,0,0,1,0,56.5485033329815
75,50,0,50,1,1,43.9194669698385
50,0,50,100,1,1,50.7455947464385
75,50,1,0,1,1,46.5781289421997
0,90,0,0,1,1,51.2407844035355
50,30,50,50,0,0,56.6995155666365
25,0,50,75,0,0,50.820786631866
100,50,50,50,0,0,42.4334122933618
5,99,60,89,1,1,46.5082556460803
0,0,0,0,1,1,41.3589472114025
0,85,100,0,0,0,54.0004772648725
99,100,90,100,1,0,45.0013743625069
90,99,65,99,1,1,50.5622625307175
50,0,100,0,0,1,52.097258322192
80,100,75,50,1,0,51.6967795369355
0,0,0,0,1,0,52.3359090989455
98,100,100,100,1,0,50.7772918248755
0,0,0,100,1,0,50.619122609243
45,0,40,15,0,0,48.7720667310477
95,98,97,80,0,0,52.5910023739465
0,100,75,50,0,0,54.038073780269
50,100,10,30,0,0,52.9417692355915
100,100,100,100,0,0,50.5501996185935
95,100,100,100,1,0,51.9305409383865
75,50,0,0,1,1,49.3201594131607
100,100,0,100,0,0,54.222938352199
50,75,50,100,1,0,51.3876963189805
10,100,100,0,0,0,54.548324601566
5,0,75,2,1,1,43.6635441146626
0,0,50,0,1,1,47.3378113500129
1,10,0,0,0,1,53.5414960770655
75,0,50,50,1,0,51.2954366386565
100,0,0,100,0,0,49.1922401589688
10,0,100,99,0,1,51.760406979595
0,100,50,1,0,0,35.1695786248578
85,99,98,100,1,0,51.2744818772765
95,95,98,95,1,0,52.632110722995
75,10,50,60,0,0,51.5743656591955
70,0,100,5,0,1,53.9707237005715
5,10,25,50,0,0,39.3924495522128
0,45,20,50,0,0,53.0743677360125
80,100,100,100,1,1,48.8360935967543
90,95,99,100,0,1,49.9645078524574
75,100,99,100,0,0,52.1429881350205
50,40,85,75,1,0,50.634540994588
97,100,80,95,0,0,57.1721329120215
100,30,50,100,0,1,51.5307853005425
65,75,100,70,0,0,57.6874191563285
50,75,75,50,0,0,50.2746546727155
0,0,100,0,0,0,48.926882318256
98,50,50,100,1,0,51.3565700470185
50,100,100,100,1,1,52.2540664873745
100,100,100,100,0,1,47.7946553946522
3,100,0,100,0,1,50.334835289606
0,50,100,100,1,1,50.133076905331
90,100,90,100,0,1,41.3773562937531
100,100,99,100,0,0,51.679374124947
98,99,90,99,0,0,48.3648485182971
0,100,100,100,1,0,52.740617461412
2,99,50,50,1,0,53.419370244651
75,90,100,90,1,0,56.1493915464605
100,90,0,0,1,0,54.5677702633285
90,80,50,70,0,0,49.4304776221616
0,85,80,90,1,0,50.8578705621025
10,10,1,0,0,0,55.9007169217195
0,0,0,100,1,0,53.503923804354
0,75,0,0,1,0,50.9200214374865
50,100,98,90,1,0,50.991515760806
3,0,0,0,0,0,50.717581510608
0,100,50,0,1,1,48.1098860673981
85,50,80,80,0,0,51.8880948621195
90,100,100,100,0,0,52.9444741898385
0,0,0,10,0,0,45.6284882779894
50,30,25,25,0,0,51.828049310278
10,0,100,100,1,0,47.1608681703206
95,0,100,0,0,0,52.0255938129315
100,0,100,0,0,1,56.7211388415785
85,95,80,80,0,0,46.8699370443208
50,0,60,100,1,0,52.77912591266
75,90,100,0,1,1,42.2797923934754
10,0,100,0,1,1,48.2490881099833
90,99,50,50,0,1,39.0813648423716
100,100,95,100,1,0,52.274077327801
90,100,100,100,1,1,43.6079103268783
50,0,30,10,0,0,52.4276127933695
90,75,50,0,0,0,53.0169067001015
25,50,50,95,0,0,48.900497643369
100,100,100,50,0,1,49.425764755553
85,99,75,0,1,1,49.7499637831763
0,100,75,75,0,0,53.347704721586
75,90,0,100,0,0,51.5040905565925
50,100,50,90,1,0,50.5480167109285
60,70,80,50,1,0,47.6072274929913
75,0,100,0,1,0,51.586492659976
75,50,0,50,1,0,50.8508489408565
30,50,99,50,0,0,52.447021567408
50,100,25,50,0,0,51.732082670356
0,100,100,90,0,1,52.8763169853485
0,1,100,100,1,1,53.152435436151
85,0,80,80,0,1,51.817184304257
0,0,0,0,0,0,52.820760179304
10,0,0,0,1,0,44.9144787044308
50,100,99,100,1,0,54.502292657972
100,80,99,50,0,1,52.592827163066
100,100,0,100,1,0,45.2105001163695
0,19,0,0,0,1,44.9192373450737
40,50,50,75,1,0,43.3693679999342
100,100,100,100,1,1,38.7594436570753
100,75,100,100,1,0,49.5902296816086
50,65,75,60,1,0,43.0679139462645
99,99,95,78,0,0,48.5162138834717
0,70,70,80,1,0,51.1105394841225
100,100,95,80,0,0,56.877496952078
50,65,50,50,0,0,56.937646179882
90,70,90,100,0,1,53.6375852669215
50,100,100,100,1,0,44.3219550057765
0,0,0,0,0,0,52.696201387957
0,60,80,90,1,0,54.2964217343055
100,75,100,70,0,1,50.5267942992725
50,0,50,85,0,1,52.59270661741
50,99,50,100,0,0,49.7886719010279
99,50,75,100,1,0,47.8336915197637
99,100,100,100,1,0,47.6705524266818
100,0,75,95,1,0,42.2899044085475
95,90,75,99,0,0,49.3069969530878
50,25,0,50,0,0,54.492505516132
95,100,100,100,0,0,46.0646625443868
100,0,0,100,0,0,57.353256379002
0,89,100,100,0,1,53.0246764755765
90,90,100,90,0,0,54.4977251396345
0,99,100,100,1,0,48.4494664782889
0,100,100,100,1,1,52.617007637424
75,100,100,0,0,1,42.1730804543749
90,0,100,100,1,0,48.6242610785792
75,0,100,90,0,0,52.504052490182
75,100,100,0,0,0,51.5343539915175
90,100,75,0,0,1,49.9265167110773
75,100,100,100,1,0,51.4283338676665
85,0,60,75,1,0,44.8893147136075
40,70,45,35,0,0,50.240735546535
5,87,100,100,1,1,53.086185141321
40,50,30,25,0,1,50.808737524329
90,50,100,50,1,0,51.6759496691345
99,89,100,90,1,0,39.1899798770638
5,100,100,75,0,0,54.6951168897795
0,80,90,80,1,0,55.5779946247815
100,100,100,100,1,0,51.014233793355
50,95,0,99,1,0,48.8780231737862
0,0,75,0,0,1,52.5572350577625
75,50,99,0,0,0,48.0469769819445
50,94,95,1,0,1,51.005155683119
100,30,0,100,1,1,45.5570286262089
0,0,100,80,1,1,53.635378741175
100,100,0,100,1,1,43.1437698155831
25,25,89,75,0,0,54.438237543626
0,0,50,50,0,1,49.9541549452015
10,0,50,50,1,0,48.8872441037214
50,0,100,100,1,0,53.1354757479405
5,100,90,0,1,1,54.9733820735795
79,35,0,0,0,1,53.933617531056
80,80,80,70,1,0,44.5195850902993
100,0,20,100,0,1,53.241740077163
100,94,100,100,1,0,52.228311641016
95,100,100,98,0,0,57.3348128315555
100,100,100,100,1,0,56.484822568532
99,100,100,100,1,0,54.030293512068
95,2,70,0,0,0,53.1838943985315
80,0,80,100,0,0,48.7633460728445
0,75,70,90,0,0,53.8213758390475
0,100,99,100,0,0,57.0067642900565
100,30,89,75,1,1,40.4282053118365
50,100,80,100,1,1,45.2365698869829
100,100,99,100,0,0,52.0680977760915
2,80,100,20,0,0,56.4255960496285
50,90,25,50,0,0,46.6534290230675
50,99,99,50,0,1,52.914691615756
70,90,100,50,0,0,54.261823711538
10,25,25,0,0,0,54.0483618941725
0,50,0,0,0,0,52.430447461062
100,99,90,50,1,0,46.0282222518416
100,100,50,50,0,0,49.1933847692015
98,75,50,99,1,0,52.528019832009
91,65,97,70,0,0,52.0160164318185
0,90,50,100,0,0,53.137295075874
100,100,90,85,1,0,51.8421521341
0,100,50,100,0,0,53.1841999035885
50,100,0,100,1,0,51.0889581134335
0,100,100,100,1,0,37.8381953919584
100,0,50,0,0,0,50.788111663846
50,0,50,50,0,0,52.143223854089
0,0,100,100,1,1,47.3991028635407
25,0,0,0,0,0,53.1098243513475
0,30,50,99,1,0,45.5078716527898
0,0,0,0,0,1,47.6815583831223
50,100,95,100,1,0,52.0006185590245
60,25,50,0,0,0,50.995554827652
0,100,100,100,1,0,52.7307433955745
100,100,100,100,1,0,50.6606386769655
100,90,0,0,1,0,46.0531717879765
0,0,100,0,0,0,45.5637058167599
90,25,25,75,0,0,52.287551959348
0,0,0,50,1,1,48.650356322981
0,0,0,0,1,0,51.6208065161995
0,0,100,99,1,0,50.098413608531
95,87,80,90,1,0,50.976500425624
85,95,95,90,1,0,52.895364176778
0,80,99,10,0,0,52.5283238838675
0,0,0,0,1,0,53.6741719398225
80,0,0,100,0,1,50.3385834211015
50,75,85,75,1,0,56.771951764527
70,90,50,80,0,0,53.777080635709
97,0,100,100,0,0,49.8868145128755
95,0,100,0,1,0,50.8356522873275
99,100,50,80,0,0,52.9539544479065
50,0,1,0,1,1,51.5732891769835
0,0,50,15,0,0,52.7072962245075
100,100,100,100,1,1,50.136292008818
0,0,0,0,1,0,51.3059963167065
100,45,95,0,1,0,50.987584146915
100,100,100,100,0,0,53.499668844105
50,100,100,100,0,0,49.2257551696403
0,100,100,100,1,0,33.3693311534737
100,100,100,50,0,0,51.8659970035865
100,100,90,100,0,0,51.066530196735
0,0,100,99,1,0,45.2605984625739
75,100,100,100,1,0,47.1252217816296
75,100,100,0,1,1,50.424507911836
50,100,0,100,1,0,48.0296303975476
98,0,0,0,1,0,48.508699791254
90,50,100,100,0,0,50.612367368089
50,90,5,100,1,0,47.7113972204443
95,100,99,100,1,0,51.3344955234145
75,0,100,0,0,0,47.7884168524823
75,90,99,25,0,0,49.8888197055832
0,100,0,100,1,0,46.3790399053455
75,100,100,0,1,0,52.126730422467
0,0,100,100,1,0,52.0562582183235
99,100,50,100,1,0,51.084117014973
0,0,0,100,1,0,43.4353863161975
100,100,100,100,0,0,48.7562685890249
35,50,85,75,0,0,48.5793962362013
75,25,0,50,1,0,53.4022603255735
75,0,0,0,1,0,43.4298754348
60,75,95,99,0,0,44.6283956401134
100,30,30,100,0,0,53.9755816040735
75,99,99,100,0,0,49.3896308724121
95,90,50,100,0,0,52.1789092669475
75,90,95,0,0,0,52.153318024181
100,100,100,100,1,0,46.643687670794
50,50,50,50,1,1,38.5386655467636
0,100,0,100,1,1,45.4013221339896
80,96,95,100,0,0,52.250273807837
90,99,100,80,1,0,51.9598114500405
0,100,88,10,1,0,48.2134620104113
100,90,100,100,1,0,50.7727647180995
0,100,100,100,1,0,49.7666909522227
50,75,50,40,0,0,53.8086560260165
100,100,100,100,1,0,50.6143767988295
100,100,100,100,1,0,52.355039602141
75,60,75,90,1,0,52.881903440844
0,100,100,95,1,0,49.048116947862
78,0,50,0,1,0,51.9473260930845
100,100,100,99,0,0,57.524225251201
95,100,80,75,1,0,49.9093093959517
50,30,0,10,0,1,40.0321120738351
100,90,100,100,1,0,48.6681814249275
0,100,0,0,0,1,45.8770992412124
50,90,50,0,1,1,50.9151030838885
100,100,0,0,0,0,50.407467167157
0,0,0,0,1,0,52.8748429949845
99,100,99,100,0,0,53.1766704323065
100,100,100,100,0,0,46.2661918903328
90,50,75,50,1,0,48.0694659347026
75,45,40,25,0,0,55.4858820148715
90,95,90,90,0,0,56.730218408396
100,50,50,100,1,0,46.4041620033235
100,100,100,100,1,0,42.0788981257015
99,100,10,90,0,0,49.3248106039804
100,100,100,0,0,0,49.1175033494695
0,100,75,0,0,1,54.9086569071305
50,0,0,100,0,0,45.6884797244708
50,75,100,75,0,1,51.355298226955
75,50,100,100,1,0,49.8488890684596
100,100,100,0,1,0,40.5750678592522
90,90,90,90,1,0,43.7039122472773
100,100,100,100,0,0,32.7655170590475
5,0,0,50,1,1,42.1928078950206
5,1,1,65,0,0,46.0289907536169
85,0,50,50,0,0,56.7614262429925
75,70,80,50,1,0,45.9293772605476
25,95,100,70,1,0,50.947183841747
90,70,98,80,1,0,48.1959247338178
100,0,100,100,1,0,53.692563546365
0,0,5,5,1,1,48.2596808480791
1,30,100,99,1,0,41.0698045144667
75,75,50,75,1,0,51.7726438977645
100,99,99,100,0,0,52.402426495154
90,100,50,50,1,0,50.0931395893765
55,100,0,80,1,0,46.8934546719404
100,100,100,0,0,0,55.8299397872425
80,80,0,100,0,0,53.148922078731
60,96,80,98,0,0,52.3710836210615
75,75,70,75,1,1,49.95444106778
85,100,75,65,0,0,49.1656912114457
0,80,0,45,0,0,45.917098815617
100,0,100,0,1,0,35.1577431633162
0,0,50,100,0,0,56.5275133173255
0,0,80,100,1,0,50.840924812304
100,100,50,100,1,0,52.008465281442
50,0,50,50,0,0,53.976953108005
50,95,100,100,1,0,50.640966412898
100,100,75,50,0,0,48.8385809015991
90,95,0,100,1,0,51.058381880976
75,90,90,100,1,0,41.9543311331638
99,99,99,90,1,0,47.5537751970535
90,70,99,90,1,0,54.1364789712595
100,100,100,100,1,0,52.195228676232
50,90,75,98,1,0,46.7985331425379
0,2,0,0,0,0,55.504011816323
50,99,50,0,1,0,45.0294714057161
50,50,50,50,1,1,49.9810039527514
55,0,50,0,0,1,41.9743872841224
90,100,100,100,1,0,49.7031992639651
100,100,100,99,1,0,54.080225084397
75,50,85,10,1,0,41.7223136650785
99,100,99,100,0,0,51.7720476204095
75,99,75,0,0,0,50.3043959489205
95,100,98,100,1,0,50.781040323115
0,50,50,50,1,1,46.398796067424
100,90,75,90,0,0,51.2373189418055
77,50,100,90,0,0,48.64387674869
95,95,100,90,0,0,53.387878606507
95,0,0,60,1,1,50.616230692624
0,100,100,100,0,0,51.951935435082
100,90,75,100,0,0,56.9569858011285
100,100,100,100,1,1,47.7692222137763
100,100,70,90,0,0,53.051887621002
25,35,75,80,0,0,50.8596564927
0,50,0,50,0,0,55.1708573163655
100,99,0,50,1,1,52.363309984106
75,50,50,50,1,0,39.6458215804396
0,100,80,100,0,0,51.2241979626415
0,90,100,0,1,1,52.2887088284345
0,0,70,10,0,0,50.8410492943435
100,98,99,99,1,0,51.1638017876375
75,0,50,50,0,0,49.6608596428241
0,0,0,0,1,1,45.7445164597047
100,100,100,0,1,1,46.7683226104002
10,0,0,100,1,1,48.5800804178042
50,0,100,0,1,0,43.6523502309653
0,75,100,100,1,0,51.5119483143485
99,99,100,100,1,0,52.1573902913695
50,100,100,0,1,0,47.4598449337744
75,100,100,100,1,0,38.9782812413448
0,80,80,50,0,1,52.594426866512
0,100,50,100,1,0,51.269617538345
100,10,100,100,1,1,48.2336445118956
50,100,100,50,0,1,46.6481047348502
75,50,50,75,0,0,53.198495691022
25,50,20,30,1,0,45.2400581521189
0,100,100,0,0,0,51.413358528901
100,95,100,100,1,1,48.15885853295
0,1,0,0,1,1,42.4754956852562
75,25,50,95,0,0,48.5741517071574
100,0,0,0,1,0,45.0474852735054
0,0,0,0,1,1,50.2587917648165
15,50,5,50,0,1,43.8061206873828
50,1,50,5,0,1,48.2763037545159
15,100,0,0,0,1,52.803157057669
99,90,50,99,0,0,51.158187529437
90,99,99,100,0,0,48.5951803741304
54,100,100,70,0,1,54.1235492827985
100,100,10,0,1,0,51.0781188504505
100,60,0,0,1,1,53.926248429754
0,0,0,0,0,1,50.129516484689
50,100,100,100,1,0,45.7058257925292
20,2,10,15,0,0,52.7030329274525
25,100,4,15,1,1,43.0634658467902
0,0,0,0,0,1,45.3869253630583
0,80,100,100,1,0,47.9946791595236
0,49,99,100,1,0,47.9267385565718
75,100,50,50,0,1,51.117799921171
90,100,100,80,0,1,51.9110339795275
70,80,50,50,1,1,49.9335828398668
90,80,60,100,0,1,53.982179487943
50,50,50,50,1,1,48.6581887646922
50,80,100,50,0,0,49.750957051145
99,50,100,100,1,1,53.5120888742595
100,100,0,0,0,0,49.2076177591658
90,100,100,100,1,0,51.5719644598275
75,100,100,100,1,1,50.1072701501
0,0,100,100,1,1,49.1855555472911
25,0,1,0,0,1,38.6665987562399
34,0,0,0,1,0,42.3878028093174
25,50,50,50,0,0,51.7391171939215
90,80,100,90,1,0,48.9933686326269
80,75,75,75,0,1,43.9404157010506
10,98,60,95,1,0,44.5255945722514
0,0,0,0,1,0,50.70436326197
0,5,50,50,0,0,50.4373581687855
100,100,100,100,1,0,50.2178551060255
0,89,95,95,1,0,52.602035077969
85,90,99,90,0,0,54.618029327408
75,75,99,90,0,0,50.5823099665355
90,95,95,80,0,0,49.0224108453847
100,0,0,100,1,0,49.4466256751969
75,89,0,100,1,0,45.7758867540695
0,100,100,100,1,0,46.4271583155246
100,10,50,100,0,0,49.7578547356298
95,0,0,50,0,0,52.531768518649
90,50,100,100,1,0,49.3991792534204
100,0,100,100,1,0,46.3518610546184
0,0,0,0,1,0,51.120035522595
89,100,0,100,0,0,47.2847705255872
4,80,50,50,0,1,45.8092567078989
90,100,100,100,1,0,53.327902723872
95,99,99,50,0,1,51.136443143649
0,100,0,0,1,1,49.5703225914025
0,100,50,50,1,0,51.37051499818
100,100,100,50,0,0,49.4296248248511
100,100,100,100,1,1,49.636214609561
100,0,100,100,0,0,54.4788811347545
50,0,50,50,0,1,45.6096182580288
5,2,5,0,0,0,51.6047987210035
100,100,90,75,1,1,50.311548332474
100,10,50,25,0,0,54.771793381847
0,100,100,0,0,0,55.010082200075
100,75,50,75,1,0,47.6544329159297
50,0,100,100,1,1,52.163544175459
100,10,0,90,0,1,47.5381432705414
50,30,50,100,0,1,44.1192431934782
50,0,1,100,0,1,48.6117355250871
100,5,0,20,0,0,46.5379192548445
99,100,1,100,1,0,52.5195866521595
25,50,50,50,1,0,48.3707841595722
0,0,50,50,0,1,39.3649953891226
50,50,75,75,1,1,48.274895734322
20,0,0,10,1,1,49.6069163648563
78,100,100,50,0,1,51.8465247339195
50,100,0,0,1,0,43.7668921393605
0,0,100,0,1,0,46.7526820464882
100,100,100,100,1,0,50.7160224357795
0,9,2,45,0,1,51.1515493361675
90,98,100,90,0,0,52.001040344712
90,50,0,50,1,0,42.5813444216416
100,100,100,100,1,0,42.3188111029132
75,50,75,50,0,1,47.5226300777145
0,0,0,100,1,0,46.8111078776369
0,95,95,99,1,0,52.6524158398655
100,100,80,99,1,1,35.7647185047309
100,100,100,100,0,1,46.278538388801
0,0,0,0,0,1,53.224974460528
99,50,99,100,1,1,44.5030518660814
10,0,25,0,1,1,47.5821466114727
0,99,100,1,0,1,47.8146436198869
0,99,99,100,1,1,40.8931549902179
100,100,0,100,1,1,45.7194589898972
90,100,100,100,1,1,50.4729871138985
50,20,8,10,0,1,43.5578890851884
100,100,100,100,1,0,53.6148016545255
100,100,100,100,1,0,46.2353345413854
50,0,0,40,0,1,47.2169275875068
80,90,100,80,1,1,49.9867851499148
100,100,100,100,0,0,52.8853763810395
0,0,20,0,0,1,39.7302484623511
95,90,95,90,0,0,55.06545939407
0,98,0,2,1,0,51.349216063021
0,100,0,100,0,0,52.4478123454535
50,60,0,50,0,0,46.3320192935843
10,0,0,0,0,1,49.94892274837
25,0,0,0,0,1,54.6486981009275
100,50,0,0,1,1,47.5781808309803
0,5,50,100,0,1,51.353251072334
50,50,100,50,0,1,46.2400365021398
95,100,100,90,0,0,45.2768097534978
100,100,100,0,1,0,53.3859239941075
100,100,100,0,1,0,47.1117106312062
90,75,99,80,0,0,50.017302490728
0,0,95,80,1,0,50.1261534236155
0,10,5,45,0,0,49.8226309679545
80,100,100,0,0,1,50.9522633057985
90,70,70,0,1,0,44.3672156432126
10,0,80,90,0,0,54.1068024586615
90,80,80,50,0,0,51.6414849798395
99,90,100,0,1,1,35.1643865297271
100,50,100,100,1,1,51.977753810414
20,100,0,50,1,1,50.919422852009
0,50,0,0,1,1,46.4779400513376
50,99,100,50,0,1,49.8106487321232
50,0,0,0,0,0,53.1728551709005
95,90,100,100,0,0,52.528745319683
99,90,0,100,1,1,44.9881962046905
0,0,0,0,1,0,51.790034250454
100,0,100,0,1,0,54.4591038767515
100,80,100,100,0,0,50.644983891251
79,100,50,0,0,0,54.9055263487585
90,95,75,90,1,0,50.6548022405605
100,50,100,100,1,0,48.477526523833
100,100,100,100,0,1,47.7822767513512
100,100,0,0,1,0,48.8375341741947
99,100,1,1,0,1,47.7587349651942
99,100,100,100,1,0,45.403028456169
80,80,0,99,0,1,52.3046591615095
0,0,0,0,1,1,49.1101176674978
100,100,100,0,0,0,49.4729442807066
50,100,79,100,1,0,31.666365192928
85,99,98,100,1,0,50.7849302940565
0,100,100,100,1,1,48.9830096855902
20,80,0,0,1,1,50.318616797951
100,100,99,99,0,1,48.8440089768961
100,100,100,100,1,1,51.1606735628985
95,90,90,95,0,0,51.095825643998
32,32,3,65,0,0,55.487857754546
20,75,70,20,0,0,52.8617439762805
99,100,100,100,1,0,44.8276989353273
50,100,100,100,1,0,47.5998582696529
99,0,30,0,1,0,50.470361061786
100,100,95,85,1,0,53.687429103135
100,100,100,100,0,0,51.354306432156
100,50,75,0,0,0,50.634359425712
100,100,100,99,1,0,46.0344710755131
50,100,100,100,0,0,55.6462600079535
100,100,100,100,1,0,50.67140588492
100,100,100,100,0,0,50.226480791966
99,40,50,100,1,0,47.1596813567387
99,0,0,0,1,0,50.3269114609155
100,100,80,100,0,0,53.037017777213
90,100,100,100,0,0,50.184357804439
80,100,80,100,0,0,48.6797108091932
90,50,99,50,1,0,46.3898801175483
50,100,100,100,1,0,43.00240989315
0,0,0,0,1,0,47.9055621082299
0,0,1,0,0,0,52.318497117601
100,99,99,95,0,0,51.006109370772
50,0,0,0,1,0,51.9698608386915
100,100,100,20,1,0,49.2865144060232
100,85,100,99,1,0,45.146734391435
100,100,92,100,0,0,51.397669494267
38,85,90,99,0,0,45.7594130387098
90,90,100,100,1,0,52.5191288264615
1,0,100,100,0,0,46.496454793428
15,0,0,0,0,0,46.1330643059698
50,90,95,80,1,0,49.5468528831966
100,100,99,100,1,0,51.192635960596
90,10,49,100,0,0,50.686093912051
0,80,99,100,0,0,44.9448329621639
100,0,100,50,0,0,52.3323453486205
100,100,100,100,0,1,50.865711817733
25,20,75,50,0,0,48.8971219997353
75,100,100,80,0,0,51.0437561936855
100,100,100,100,1,0,49.2493479697622
100,100,100,100,0,1,53.798740199648
100,0,95,99,1,0,51.7021533861735
98,89,80,90,1,0,51.8156416676265
95,50,98,0,0,0,52.779452407614
75,0,0,50,0,0,53.2520031279595
50,99,100,100,1,0,47.9008381639002
50,99,100,0,1,0,44.2839932197193
100,100,100,100,0,0,51.9883796605245
95,99,90,95,0,0,53.627942904651
100,0,100,100,1,0,53.0722142250505
0,100,100,0,0,0,53.240585577312
100,0,0,0,1,0,46.3725471305371
50,95,75,98,0,0,50.7715841994055
0,100,90,100,1,0,38.1392548812173
95,50,60,60,0,0,52.464028623737
75,100,100,100,1,0,40.644332950708
100,100,100,99,0,0,43.6214498859225
100,0,0,0,1,0,50.6270148635335
50,75,100,65,1,1,44.3176800698529
50,75,100,100,1,0,48.4683786407097
0,100,0,88,0,0,54.330915072495
5,50,60,10,0,0,52.971169179559
95,50,50,50,0,0,49.9299334800627
45,0,20,45,0,0,52.7211317257625
75,75,100,100,0,0,52.6606912180465
5,1,5,4,0,0,33.5408154394415
0,100,92,95,0,0,45.3339198736722
65,100,95,100,1,1,44.0955890250002
100,100,100,100,1,0,49.2506673174285
100,50,50,50,0,0,50.3389138822625
0,0,100,50,0,1,40.2094860387493
100,99,0,100,1,0,51.7010054928465
75,45,50,50,0,1,49.8339882935819
0,99,100,100,1,0,51.078592020743
50,50,80,80,0,0,52.3513918657065
0,0,100,0,0,0,53.77779352533
99,75,100,0,1,0,48.2931702627799
100,95,99,99,1,1,44.7389659883556
90,100,100,100,1,0,49.3032430014772
75,70,75,75,0,0,57.3175484685775
96,100,0,99,0,0,53.9377132896875
10,100,0,25,1,0,48.9635241311938
100,95,100,100,0,0,53.1555025893885
99,90,95,30,0,0,50.79368755048
100,100,100,100,0,0,41.5983654196529
50,100,100,100,0,0,48.7776615253515
70,25,50,25,0,0,52.875271400723
99,100,100,99,1,0,51.169937839703
100,0,100,0,1,0,52.649983932832
50,75,65,75,0,0,54.165556410177
25,75,10,25,0,0,49.6542291199824
100,4,100,100,0,0,49.2500657402677
90,80,100,75,0,0,49.7243818267922
90,100,100,100,1,1,52.312087095878
95,100,100,100,0,0,56.346729321618
0,99,90,90,1,1,49.1479328454098
10,80,75,75,0,1,49.8271343551311
50,95,100,100,0,0,53.693736949834
20,100,100,50,1,1,40.3502112996359
50,0,50,100,1,1,42.3402420444765
99,10,0,90,0,1,47.697895270175
25,30,0,50,1,1,39.4902307251174
100,100,80,100,1,0,45.519890082422
0,100,0,75,1,1,45.9775776437022
50,100,100,100,1,1,51.3863627947455
100,7,0,99,0,1,49.5385182246709
0,0,0,5,1,1,50.8760457862495
0,50,0,50,0,0,47.5475826160404
100,100,0,0,0,0,54.3935690056515
100,90,60,100,1,0,44.4125909060537
99,100,100,0,1,0,48.3153468344299
100,99,99,100,0,0,44.091552177502
99,95,100,98,0,0,48.3478852178788
70,50,100,50,0,0,52.946243985762
100,75,95,0,0,0,50.557515141433
95,100,50,50,0,0,49.959828464577
85,50,65,80,1,0,49.2421674662013
99,50,50,50,0,0,41.5598624884305
85,100,99,92,0,0,46.8752736864725
78,100,100,0,0,0,48.9820690330825
100,0,100,100,0,0,51.11802913219
2,1,0,0,0,0,50.810400420148
100,50,50,100,0,0,52.556322381814
0,0,100,100,1,1,49.6255056768792
0,99,90,90,0,0,48.5503441131192
50,0,100,50,0,1,52.102023260081
89,100,100,95,0,1,53.6479583640815
100,100,100,100,1,0,39.5857657947696
1,0,100,0,0,1,53.0152422359805
50,60,70,70,0,0,41.7186634257753
0,0,50,100,0,0,54.3450693893925
100,0,100,0,1,0,48.4348675604192
50,0,50,25,1,1,43.6299145122583
0,0,0,0,1,1,51.9825054559475
0,0,100,100,1,1,46.9837850048621
100,100,90,50,1,0,51.6469422612795
50,0,100,100,0,1,47.4239306838813
4,0,100,23,0,1,43.9137528129513
50,100,80,99,1,0,44.276875411171
0,90,70,100,1,0,47.3381050124123
95,0,99,0,1,1,43.5929194804339
70,0,90,90,0,0,51.569686237748
100,100,100,100,1,0,46.8244609471677
99,95,100,100,1,0,49.7818558364465
100,100,100,100,1,0,46.6273008866519
100,100,100,100,0,0,51.6122045285905
99,0,50,50,0,1,56.2631163913145
90,50,90,0,0,1,52.0739293474255
50,100,95,100,0,1,49.4899052153923
50,50,50,100,1,1,48.201847525212
100,100,68,100,1,1,51.5439768213195
100,100,0,100,0,1,52.7159815136005
99,100,50,0,1,1,42.4889976744049
25,99,99,100,1,1,45.6904055828231
100,100,100,100,0,1,45.3572935016508
99,0,23,0,1,1,42.2612265589821
0,0,1,1,1,1,44.3419170006236
50,50,1,50,1,1,46.4765413367559
100,0,0,0,0,1,47.6537050438839
100,90,100,100,0,0,46.0069231518278
0,98,85,95,1,0,47.1717738059445
0,90,75,75,0,0,51.1418862063095
50,0,95,95,1,0,46.0559570947827
75,75,99,100,0,0,49.2757041088734
90,10,50,80,0,1,52.537365280164
15,100,5,15,1,1,36.5715626454013
100,0,100,0,1,1,43.9714900636147
100,100,50,0,1,0,48.7390593744502
0,0,0,0,1,1,48.7672152910878
50,99,99,50,0,1,49.7422550196838
0,0,0,0,0,0,49.9625886803775
75,0,100,0,1,0,37.1388296802332
100,50,50,0,0,0,54.7277688143105
75,100,100,100,0,0,53.3760132724265
3,100,100,50,1,0,46.3932480015029
1,30,23,75,0,1,46.0801936714508
0,0,0,0,1,1,51.734680464809
75,90,75,100,0,1,54.0625033999955
40,100,100,100,0,0,49.8378950717732
90,50,70,50,0,1,53.4199461889605
65,50,0,0,0,0,45.1160832444984
80,90,0,0,1,0,45.0097280921446
50,0,50,0,0,0,44.7757175702481
0,99,0,0,1,0,49.0297952145081
0,1,0,100,1,0,47.452332670402
100,100,100,100,1,0,48.3379077179424
50,75,50,50,0,0,48.5807989011578
98,100,100,100,1,0,50.24433518022
85,80,80,60,0,0,50.4320737758685
50,50,80,90,1,0,50.019070679446
95,30,100,90,0,0,55.3166726623255
20,30,20,10,0,0,49.2524500188141
0,50,50,50,0,0,53.827367302327
100,100,95,90,0,0,52.4025322773795
25,10,50,100,0,0,49.0064717690795
100,99,100,100,1,0,46.267501215782
100,30,100,0,1,0,50.981478702026
100,88,97,0,1,0,51.1907008950545
0,100,0,0,1,0,49.0601303120233
90,97,98,99,0,0,48.5415050548741
90,100,0,50,0,0,55.845728577172
50,50,50,0,0,0,51.1494999575405
0,100,100,0,1,0,49.342662259159
80,50,30,50,1,0,44.9371716414841
0,0,0,0,1,0,46.8018019295155
50,50,0,50,1,0,43.539932934768
90,99,90,99,1,0,48.7505416743003
100,100,100,100,1,0,49.4808320496054
85,90,95,50,1,0,47.9563370464929
100,100,100,100,0,0,48.2105958208816
90,100,100,89,1,0,42.3446740886055
100,100,100,100,0,0,51.439798833247
90,25,70,80,0,0,53.1689635279525
75,100,100,50,0,0,51.1353924614365
0,0,0,0,1,0,44.3229710601095
90,0,70,90,0,0,52.136022984602
95,50,100,100,1,0,47.723943656248
0,80,50,75,0,0,44.0902395104034
1,99,5,100,1,0,52.163694034476
5,10,25,0,0,0,56.3118244056595
98,98,100,0,1,1,53.9704859582465
75,0,90,0,0,0,50.598679316399
50,98,90,93,0,0,55.1169542867395
25,100,10,99,0,1,49.8627247336163
100,100,0,0,1,1,46.5528069001576
25,0,100,0,1,1,47.1578587687977
20,100,19,0,0,1,50.9316512169455
50,10,1,85,0,1,53.8138042906005
30,20,100,100,0,1,52.68013943706
50,5,100,0,0,1,50.6495230747805
0,99,95,99,1,1,51.3212753762135
10,20,0,0,1,1,53.728409825246
75,100,3,20,1,1,52.112579812692
80,100,0,1,1,1,46.706215993484
50,50,50,95,0,1,48.1884624466888
50,0,100,0,0,1,49.2197503543336
0,0,50,0,1,1,42.6856111116965
100,0,100,100,0,1,46.8901836354713
1,0,100,100,1,1,46.90152525949
75,98,90,100,1,1,50.1761160208645
0,50,50,0,0,1,53.8393253175795
0,90,100,100,1,1,50.797310569701
10,100,100,100,1,1,49.3806040807157
90,100,100,0,1,1,41.0631102743404
90,50,5,79,0,1,54.96100994252
0,100,100,100,0,1,51.9345647555035
89,0,100,0,0,1,52.8068568519145
0,0,0,0,0,1,54.420899605103
100,100,100,0,1,1,50.874400790596
0,0,0,0,1,1,51.1474507198565
90,100,100,0,1,1,46.5307666572482
100,99,100,100,0,1,50.2881050653905
75,0,90,50,1,1,48.4438761100165
99,98,0,0,1,1,50.5631145085005
0,100,0,100,1,1,47.8767476314409
100,100,50,100,0,1,35.4520566602749
0,1,0,0,1,1,50.235496454281
70,50,0,0,0,1,44.5972181860625
100,0,100,100,1,1,51.5219114252545
0,100,0,0,1,1,47.5454976788783
1,100,0,0,0,1,49.6950571300133
0,100,100,0,0,1,34.3259436636908
100,0,0,100,1,1,51.0417985761695
100,0,100,0,1,1,48.0745327513402
75,50,0,75,0,1,52.598381390473
99,75,100,0,1,1,50.8525799239815
0,90,50,99,0,1,49.7353315283387
0,99,90,75,1,1,46.2692062493376
50,100,50,100,1,1,41.8294120291286
20,90,40,75,1,1,47.8220504434807
100,85,90,100,0,1,55.621712373587
80,100,100,100,1,1,50.295294641928
10,50,0,50,0,1,51.304912729344
100,95,100,0,1,1,52.392877802902
75,100,95,99,1,1,46.4566958683102
100,0,0,0,1,1,42.17509969736
0,0,0,0,1,1,50.9057141951925
70,7,0,50,1,1,43.0033619401102
100,0,75,100,1,1,51.446907468038
80,75,100,65,1,1,48.9940133002197
0,75,10,100,0,1,52.344442561438
35,80,50,50,1,1,56.9570112747485
75,90,0,0,0,1,55.195957776448
90,100,100,90,1,1,43.3744130223638
0,100,90,0,0,1,50.621610272188
0,100,100,100,0,1,51.874298433266
0,70,90,0,1,1,52.9122996736505
100,0,100,100,0,1,45.3040439631499
100,0,0,0,1,1,34.0468702157509
75,100,90,100,0,1,52.158885119229
70,0,0,100,0,1,54.1022286408465
90,50,50,50,0,1,49.8929386343427
100,99,50,100,0,1,51.219770619183
50,50,99,0,0,1,37.6710028693474
50,50,50,50,0,1,53.704766608278
1,0,0,0,1,1,52.448430679163
40,0,0,0,1,1,49.9725566825006
100,95,100,90,1,1,44.061243772658
99,50,99,50,1,1,50.905706786553
100,0,100,100,1,1,50.1117786316785
100,80,100,50,0,1,50.413303649324
99,0,90,90,0,1,51.9920674402105
0,25,0,0,1,1,45.9288490667338
100,0,100,0,1,1,49.5858830617442
90,50,60,100,0,1,42.9899394257551
90,100,99,50,1,1,47.9043440793902
100,100,0,0,0,1,30.0248700635439
100,100,100,100,0,1,52.8200007949615
30,0,90,0,1,1,48.015702324166
100,100,0,50,1,1,48.9703575649562
0,98,100,100,1,1,51.94868882101
0,0,100,11,0,1,45.5060286704472
75,100,0,40,1,1,49.8406385498537
50,0,0,0,1,1,46.832479372712
0,0,0,80,1,1,42.1432859339966
0,0,0,0,0,1,48.1413113250336
0,100,100,0,0,1,47.687930962179
2,50,90,40,0,1,52.0278492304425
85,95,95,75,0,1,57.9873976989845
99,99,99,100,1,1,46.7802630944815
50,100,50,99,0,1,52.522552331057
0,100,0,100,1,1,47.904043631862
0,50,100,0,1,1,41.4067229262011
0,95,90,95,1,1,50.701429240539
100,0,100,0,1,1,41.7062954892295
0,0,100,100,0,1,51.050045481703
99,50,80,0,0,1,48.3401162470138
75,0,100,100,0,1,50.7562317208605
45,0,0,50,0,1,52.7339465583785
99,70,90,50,0,1,51.379203585712
20,0,100,75,0,1,55.9505901501575
35,0,0,0,1,1,51.596239279361
100,100,100,100,0,1,48.8748224973326
100,100,0,70,0,1,49.8675063179931
0,1,100,0,0,1,33.1318396164762
75,75,70,0,1,1,44.0891711637283
0,50,50,0,0,1,49.8837760549956
99,100,100,100,0,1,49.6105353414296
80,50,50,0,0,1,51.3902540379665
100,100,100,100,1,1,44.2650335972356
20,0,0,0,1,1,48.8339059291883
100,0,95,100,1,1,45.9843161287582
100,0,0,100,1,1,49.1479231672996
100,99,100,100,1,1,38.2620386859585
0,0,0,80,1,1,48.3128018136853
100,20,80,90,0,1,53.431405908472
10,95,60,0,1,1,47.609934931595
50,0,0,0,1,1,47.7682060399549
0,100,0,0,0,1,50.6255746078675
65,65,50,75,0,1,49.6365790234829
50,10,100,0,0,1,51.401644385824
50,100,0,50,1,1,50.012712732544
100,0,0,0,1,1,46.0683042567152
0,0,100,0,1,1,46.7881471448305
25,95,100,100,1,1,51.995334855647
75,75,97,75,1,1,49.8097189942822
11,21,0,0,0,1,52.324769269669
0,0,0,0,1,1,43.9119763066757
30,0,100,0,0,1,53.1905137753895
100,100,0,100,1,1,37.7637550609267
0,3,0,2,1,1,40.789518983596
90,100,45,50,1,1,51.638581154001
50,100,90,0,1,1,40.4395527214998
0,0,50,100,1,1,39.5071049110369
0,0,0,0,1,1,52.3780438973605
67,75,75,0,0,1,51.231384546042
0,0,0,1,0,1,48.6382908886238
100,50,15,15,0,1,40.8656237034034
90,0,50,50,0,1,47.3352514631605
0,0,50,50,1,1,37.7805933008507
50,100,0,0,1,1,49.2747780029192
100,50,100,0,0,1,48.0843208921054
0,100,100,100,0,1,51.322665370024
75,0,0,0,0,1,52.3939854358605
100,90,100,100,0,1,49.618436226711
100,0,0,100,1,1,41.9281144335115
90,99,0,0,1,1,48.3069662317753
0,50,100,50,1,1,51.973621731812
50,50,0,50,0,1,52.6187294922155
10,100,0,0,1,1,46.2828264241343
75,50,100,100,1,1,45.3318229178964
75,65,79,0,0,1,48.763897639349
75,50,75,50,1,1,43.7259290499641
0,100,100,0,0,1,54.2503070006085
0,100,100,90,1,1,40.5664480496993
100,0,100,0,0,1,50.2788662924435
50,55,50,100,1,1,46.3207443907153
0,0,0,100,1,1,51.6245808958565
100,50,100,100,1,1,47.825950236099
100,100,100,75,1,1,52.323402148145
50,0,90,99,0,1,45.631276598702
95,90,80,99,1,1,54.31534746201
0,100,100,80,1,1,49.2677866740103
99,100,40,0,1,1,44.22460042388
100,100,100,100,1,1,49.1358831383821
0,0,0,0,0,1,47.3125643107312
70,80,50,0,0,1,36.7379272475571
0,75,90,95,0,1,50.471049749076
99,100,0,0,1,1,42.3598371571157
10,0,0,0,0,1,38.9962261913379
50,75,50,0,1,1,43.5581363770118
100,70,75,80,1,1,50.2426678679665
100,50,100,90,1,1,48.5529148315612
0,30,50,50,0,1,52.519560160185
50,0,100,100,1,1,47.9192879681726
0,0,50,0,1,1,39.6872477316482
100,100,99,50,0,1,49.3747281912973
80,50,100,90,0,1,46.252272601988
100,0,50,100,1,1,43.0265938766579
100,0,100,0,1,1,43.1737324869993
0,60,50,50,0,1,51.17599268851
100,100,75,95,1,1,48.3136901053011
0,2,0,0,0,1,50.7349041349295
100,100,0,100,0,1,44.223354733435
0,1,0,0,1,1,51.0868839034565
75,80,99,100,1,1,49.7874811147385
75,90,25,100,0,1,51.358971684079
0,0,50,0,1,1,44.1029457515116
100,0,0,0,1,1,49.628049503225
100,100,100,100,1,1,51.734300049081
50,5,0,0,0,1,46.4631594566724
100,100,100,100,0,1,57.449768465278
10,50,0,100,0,1,52.432763954595
50,0,0,100,1,1,44.8207201675551
100,100,98,95,1,1,47.1882047669533
0,100,50,100,0,1,46.7832326718253
0,0,0,0,0,1,36.6379677455463
99,0,0,0,1,1,47.3593114283734
40,96,89,80,1,1,48.5216330409672
90,100,75,100,0,1,50.999189608301
75,0,0,100,1,1,45.6256983799594
100,50,0,0,0,1,52.330605920524
99,0,0,100,1,1,50.23943592752
5,80,80,90,0,1,49.7722504829294
75,100,100,100,1,1,44.992053049335
85,80,70,70,0,1,52.95087007292
50,100,0,0,1,1,49.4560418403192
90,0,45,0,0,1,41.1121312538492
50,0,0,0,1,1,38.1838797179035
0,0,0,0,0,1,52.0239459264045
100,100,100,100,0,1,51.3242341397495
50,85,5,100,0,1,35.7158609899123
100,90,0,0,1,1,48.7043064405145
0,100,0,100,1,1,47.8388834013007
0,0,0,0,1,1,42.10696340522
0,100,100,100,0,1,47.1539424240002
50,100,2,0,0,1,53.359860474191
100,100,100,0,1,1,51.3663024092375
1,50,1,50,1,1,46.0837534640703
0,0,0,75,1,1,51.495631480643
40,100,0,50,0,1,49.1325383864315
50,100,99,0,0,1,42.1633362006498
95,100,50,0,0,1,48.9300266488696
50,100,100,50,1,1,43.5887900091806
0,0,50,65,0,1,46.1808305909702
0,95,0,0,0,1,50.8444240820785
0,0,0,0,1,1,36.5337616891161
100,100,90,90,1,1,51.293512184365
10,50,50,100,1,1,45.8425087991906
65,100,100,0,1,1,44.8465012396979
0,10,20,100,1,1,51.000211815481
6,0,50,60,0,1,45.045873355148
0,0,0,0,1,1,46.6129002701401
100,0,20,100,0,1,44.8102836209112
100,100,100,95,1,1,49.6207726645001
100,100,50,100,0,1,47.5000986265903
0,0,0,0,1,1,32.3415793436647
90,0,100,50,1,1,45.9702554205525
90,100,65,100,1,1,48.1284525915549
0,58,60,0,0,1,50.415387244674
0,0,77,100,0,1,43.1817190942903
90,90,90,50,1,1,46.2505178533843
0,100,100,100,1,1,51.2518444417615
75,10,0,100,0,1,53.0235177255655
0,100,0,0,1,1,49.8451279263752
0,100,0,0,0,1,52.47775828375
90,0,0,100,0,1,51.86777759813
50,0,0,0,1,1,48.7297775133055
0,0,0,0,1,1,46.6912104424622
5,0,10,100,0,1,48.7644530047906
100,99,50,99,1,1,46.7854617973237
50,50,25,25,1,1,50.977567390341
50,95,95,75,0,1,46.7095154776078
1,5,0,0,1,1,49.2605129887315
100,25,75,1,1,1,48.872706380334
10,0,8,0,0,1,45.6341136253285
50,100,0,0,0,1,47.5479140958033
100,0,100,100,1,1,47.2507981357299
99,0,100,0,0,1,48.3403386622417
67,60,100,0,0,1,41.8858870977658
0,0,0,50,1,1,44.6525505965705
100,0,0,0,1,1,46.6623493752541
75,0,0,50,0,1,49.4912296756741
99,0,100,0,0,1,54.0045465022435
50,85,78,50,0,1,49.3851099634292
100,50,100,100,1,1,41.5799481021172
77,75,0,0,1,1,46.6476202345545
50,50,0,50,1,1,46.3190940033197
75,100,30,70,0,1,49.3452640532127
100,80,75,95,1,1,42.5120244414069
50,50,50,30,1,1,40.0231712297949
3,0,0,0,0,1,46.4386036454948
100,50,50,50,0,1,51.7544487709205
0,100,50,95,1,1,36.2815263769241
50,10,0,100,1,1,39.1378769129255
70,100,50,100,0,1,46.7540174595701
0,100,0,100,0,1,50.1068615338515
50,50,80,50,1,1,48.363714866679
25,0,0,0,1,1,51.5610767078025
99,5,100,100,0,0,49.3241175526558
100,90,100,100,1,0,48.7315031795614
0,0,90,1,1,1,48.0354116345794
0,0,0,0,1,1,49.0891967733453
75,100,100,98,1,1,48.5801847717284
100,99,100,100,0,0,53.026915917213
0,0,0,0,1,1,50.964325237784
50,75,99,80,1,1,47.0977027727495
0,50,40,98,1,1,42.1841757802527
15,5,0,0,0,0,51.7971420428375
100,0,0,0,0,0,45.0624384754469
98,100,100,100,1,0,40.0319552516863
100,100,90,0,1,0,50.19182743081
100,100,100,100,1,1,50.640413098337
90,99,99,100,1,1,54.3324946762695
50,0,0,0,0,0,47.5925609480947
0,0,0,100,1,1,51.8333561606325
75,50,75,75,0,1,50.4780944190715
75,100,0,99,1,0,49.7999450934693
0,50,50,50,1,1,52.6822091275775
50,50,50,0,1,1,48.2976489072705
95,90,89,99,1,0,50.874273578511
100,99,100,90,0,0,56.049204901602
0,0,75,50,1,0,49.1822706600137
0,75,55,100,1,1,48.8167361652426
0,100,50,100,0,0,49.0838295295786
100,50,50,100,1,1,51.494030967745
0,100,0,100,1,0,41.5611417230639
50,100,100,0,0,1,51.70331429958
50,5,0,10,1,1,41.0545782486976
75,5,5,100,0,1,47.1546451737129
0,100,100,100,1,1,48.3638541285784
0,0,0,0,0,0,52.5725834880995
50,0,100,100,0,0,52.931460273874
10,0,25,50,1,1,54.328273906556
100,100,100,100,1,0,48.7872030927991
35,50,25,0,0,0,52.091414733856
0,25,15,10,0,0,50.998938680508
